,
,
,PRAGMATAPRO 0.829 SYMBOLS
,
,
âŒ€,
âŒ,
âŒ‚,
âŒƒ,
âŒ„,
âŒ…,
âŒ†,
âŒ‡,
âŒˆ,
âŒ‰,
âŒŠ,
âŒ‹,
âŒŒ,
âŒ,
âŒ,
âŒ,
âŒ,
âŒ‘,
âŒ’,
âŒ“,
âŒ”,
âŒ•,
âŒ–,
âŒ—,
âŒ˜,
âŒ™,
âŒš,
âŒ›,
âŒœ,
âŒ,
âŒ,
âŒŸ,
âŒ ,
âŒ¡,
âŒ¢,
âŒ£,
âŒ¤,
âŒ¥,
âŒ¦,
âŒ§,
âŒ¨,
âŒ©,
âŒª,
âŒ«,
âŒ¬,
âŒ­,
âŒ®,
âŒ¯,
âŒ°,
âŒ±,
âŒ²,
âŒ³,
âŒ´,
âŒµ,
âŒ¶,
âŒ·,
âŒ¸,
âŒ¹,
âŒº,
âŒ»,
âŒ¼,
âŒ½,
âŒ¾,
âŒ¿,
â€,
â,
â‚,
âƒ,
â„,
â…,
â†,
â‡,
âˆ,
â‰,
âŠ,
â‹,
âŒ,
â,
â,
â,
â,
â‘,
â’,
â“,
â”,
â•,
â–,
â—,
â˜,
â™,
âš,
â›,
âœ,
â,
â,
âŸ,
â ,
â¡,
â¢,
â£,
â¤,
â¥,
â¦,
â§,
â¨,
â©,
âª,
â«,
â¬,
â­,
â®,
â¯,
â°,
â±,
â²,
â³,
â´,
âµ,
â¶,
â·,
â¸,
â¹,
âº,
â»,
â¼,
â½,
â¾,
â¿,
â€,
â,
â‚,
âƒ,
â„,
â…,
â†,
â‡,alt option
âˆ,
â‰,
âŠ,
â‹,
âŒ,
â,
â,
â,
â,
â‘,
â’,
â“,
â”,
â•,
â–,
â—,
â˜,
â™,
âš,
â›,
âœ,
â,
â,
âŸ,
â ,
â¡,
â¢,
â£,
â¤,
â¥,
â¦,
â§,
â¨,
â©,
âª,
â«,
â¬,
â­,
â®,
â¯,
â°,
â±,
â²,
â³,
â´,
âµ,
â¶,
â·,
â¸,
â¹,
âº,
â»,
â¼,
â½,
â¾,
â¿,
â€,
â,
â‚,
âƒ,
â„,
â…,
â†,
â‡,
âˆ,
â‰,
âŠ,
â‹,
âŒ,
â,
â,
â,
â,
â‘,
â’,
â“,
â”,
â•,
â–,
â—,
â˜,
â™,
âš,
â›,
âœ,
â,
â,
âŸ,
â¡,
â¢,
â£,
â¤,
â¥,
â¦,
â§,
â¨,
â©,
âª,
â«,
â¬,
â­,
â®,
â¯,
â°,
â±,
â²,
â³,
â´,
âµ,
â¶,
â·,
â¸,
â¹,
âº,
â»,
â¼,
â½,
â¾,
â¿,
â– ,
â–¡,
â–¢,
â–£,
â–¤,
â–¥,
â–¦,
â–§,
â–¨,
â–©,
â–ª,
â–«,
â–¬,
â–­,
â–®,
â–¯,
â–°,
â–±,
â–²,
â–³,
â–´,
â–µ,
â–¶,
â–·,
â–¸,
â–¹,
â–º,
â–»,
â–¼,
â–½,
â–¾,
â–¿,
â—€,
â—,
â—‚,
â—ƒ,
â—„,
â—…,
â—†,
â—‡,
â—ˆ,
â—‰,
â—Š,
â—‹,
â—Œ,
â—,
â—,
â—,
â—,
â—‘,
â—’,
â—“,
â—”,
â—•,
â—–,
â——,
â—˜,
â—™,
â—š,
â—›,
â—œ,
â—,
â—,
â—Ÿ,
â— ,
â—¡,
â—¢,
â—£,
â—¤,
â—¥,
â—¦,
â—§,
â—¨,
â—©,
â—ª,
â—«,
â—¬,
â—­,
â—®,
â—¯,
â—°,
â—±,
â—²,
â—³,
â—´,
â—µ,
â—¶,
â—·,
â—¸,
â—¹,
â—º,
â—»,
â—¼,
â—½,
â—¾,
â—¿,
â˜€,
â˜,
â˜‚,
â˜ƒ,
â˜„,
â˜…,
â˜†,
â˜‡,
â˜ˆ,
â˜‰,
â˜Š,
â˜‹,
â˜Œ,
â˜,
â˜,
â˜,
â˜,
â˜‘,
â˜’,
â˜“,
â˜”,
â˜•,
â˜–,
â˜—,
â˜˜,
â˜š,
â˜›,
â˜œ,
â˜,
â˜,
â˜Ÿ,
â˜ ,
â˜¡,
â˜¢,
â˜£,
â˜¤,
â˜¥,
â˜¦,
â˜§,
â˜¨,
â˜©,
â˜ª,
â˜­,
â˜®,
â˜¯,
â˜°,
â˜±,
â˜²,
â˜³,
â˜´,
â˜µ,
â˜¶,
â˜·,
â˜¹,
â˜º,
â˜»,
â˜¼,
â˜½,
â˜¾,
â˜¿,
â™€,
â™,
â™‚,
â™ƒ,
â™„,
â™…,
â™†,
â™‡,
â™ˆ,
â™‰,
â™Š,
â™‹,
â™Œ,
â™,
â™,
â™,
â™,
â™‘,
â™’,
â™“,
â™”,chess
â™•,chess
â™–,chess
â™—,chess
â™˜,chess
â™™,chess
â™š,chess
â™›,chess
â™œ,chess
â™,chess
â™,chess
â™Ÿ,chess
â™ ,spade
â™¡,heart outline
â™¢,diamond outline
â™£,clubs
â™¤,spade outline
â™¥,heart
â™¦,diamond
â™§,clubs outline
â™©,musical note
â™ª,musical note
â™«,musical note
â™¬,musical note
â™­,musical note
â™®,musical note
â™¯,musical note
â™³,recycle 1
â™´,recycle 2
â™µ,recycle 3
â™¶,recycle 4
â™·,recycle 5
â™¸,recycle 6
â™¹,recycle 7
â™º,
âš€,
âš,
âš‚,
âšƒ,
âš„,
âš…,
âš†,
âš‡,
âšˆ,
âš‰,
âšŠ,
âš‹,
âšŒ,
âš,
âš,
âš,
âš,
âš‘,
âš’,
âš ,warning danger
âš¡,
âš¢,
âš£,
âš¤,
âš¥,
âš¦,
âš§,
âš¨,
âš©,
âšª,circle outlined
âš«,circle solid
âš¬,
âš­,
âš®,
âš¯,
âš°,
âš±,
âš²,
âš³,
âš´,
âšµ,
âš¶,
âš·,
âš¸,
âš¹,
âšº,
âš»,
âš¼,
âš½,
âš¿,
â›„,
â›…,
â›†,
â›‡,
â›ˆ,
â›‰,
â›Š,
âœ,scissors
âœ‚,scissors
âœƒ,scissors
âœ†,telephone 
âœˆ,airplane
âœ‰,envelope mail
âœ,writing
âœ,pencil pointing down right
âœ,pencil pointing down
âœ,pencil pointing up right
âœ‘,
âœ’,
âœ“,
âœ”,
âœ˜,
âœ™,
âœš,
âœ›,
âœœ,
âœ,
âœ,
âœŸ,
âœ ,
âœ¡,
âœ¢,
âœ£,
âœ¤,
âœ¥,
âœ¦,
âœ§,
âœ©,
âœª,
âœ«,
âœ¬,
âœ­,
âœ®,
âœ¯,
âœ°,
âœ±,
âœ²,
âœ³,
âœ´,
âœµ,
âœ¶,
âœ·,
âœ¸,
âœ¹,
âœº,
âœ»,
âœ¼,
âœ½,
âœ¾,
âœ¿,
â€,
â,
â‚,
âƒ,
â„,
â…,
â†,
â‡,
âˆ,
â‰,
âŠ,
â‹,
âŒ,
,
,
â,
î€€,
î€,
î€‚,
î€ƒ,
î€„,
î€…,
î€†,
î€‡,
î€ˆ,
î€‰,
î€Š,
î‚ ,
î‚¡,
î‚£,
î‚®,
î‚¯,
î‚°,
î‚±,
î‚²,
î‚³,
î‚´,
î‚µ,
î‚¶,
î‚·,
î‚¸,
î‚¹,
î‚º,
î‚»,
î‚¼,
î‚½,
î‚¾,
î‚¿,
îƒ€,
îƒ,
îƒ‚,
îƒƒ,
îƒ„,
îƒ…,
îƒ†,
îƒ‡,
îƒˆ,
îƒŒ,
îƒ,
îƒ,
îƒ,
îƒ,
îƒ‘,
îƒ’,
îƒ”,
î‡€,
î‡,
î‡‚,
î‡ƒ,
î‡„,
î‡…,
îˆ€,
îˆ,
îˆ‚,
îˆƒ,
îˆ„,
îˆ…,
îˆ†,
îˆ‡,
îˆˆ,
îˆ‰,
îˆŠ,
îˆ‹,
îˆŒ,
îˆ,
îˆ,
îˆ,
îˆ,
îˆ‘,
îˆ’,
îˆ“,
îˆ”,
îˆ•,
îˆ–,
îˆ—,
îˆ˜,
îˆ™,
îˆš,
îˆ›,
îˆœ,
îˆ,
îˆ,
îˆŸ,
îˆ ,
îˆ¡,
îˆ¢,
îˆ£,
îˆ¤,
îˆ¥,
îˆ¦,
îˆ§,
îˆ¨,
îˆ©,
îˆª,
îˆ«,
îˆ¬,
îˆ­,
îˆ®,
îˆ¯,
îˆ°,
îˆ±,
îˆ²,
îˆ³,
îˆ´,
îˆµ,
îˆ¶,
îˆ·,
îˆ¸,
îˆ¹,
îˆº,
îˆ»,
îˆ¼,
îˆ½,
îˆ¾,
îˆ¿,
î‰€,
î‰,
î‰‚,
î‰ƒ,
î‰„,
î‰…,
î‰†,
î‰‡,
î‰ˆ,
î‰‰,
î‰Š,
î‰‹,
î‰Œ,
î‰,
î‰,
î‰,
î‰,
î‰‘,
î‰’,
î‰“,
î‰”,
î‰•,
î‰–,
î‰—,
î‰˜,
î‰™,
î‰š,
î‰›,
î‰œ,
î‰,
î‰,
î‰Ÿ,
î‰ ,
î‰¡,
î‰¢,
î‰£,
î‰¤,
î‰¥,
î‰¦,
î‰§,
î‰¨,
î‰©,
î‰ª,
î‰«,
î‰¬,
î‰­,
î‰®,
î‰¯,
î‰°,
î‰±,
î‰²,
î‰³,
î‰´,
î‰µ,
î‰¶,
î‰·,
î‰¸,
î‰¹,
î‰º,
î‰»,
î‰¼,
î‰½,
î‰¾,
î‰¿,
îŠ€,
îŠ,
îŠ‚,
îŠƒ,
îŠ„,
îŠ…,
îŠ†,bio hazard
îŠ‡,blogger circled
îŠˆ,blogger squared
îŠ‰,
îŠŠ,
îŠ‹,
îŠŒ,brain
îŠ,
îŠ,butterfly
îŠ,carrot
îŠ,creative commons
îŠ‘,creative commons
îŠ’,creative commons no commercial derivates dollar
îŠ“,creative commons no commercial derivates euro
îŠ”,creative commons no commercial derivates yen
îŠ•,creative commons
îŠ–,creative commons
îŠ—,creative commons
îŠ˜,creative commons
îŠ™,creative commons
îŠš,
îŠ›,cherries
îŠœ,
îŠ,
îŠ,
îŠŸ,
îŠ ,
îŠ¡,
îŠ¢,
îŠ£,
îŠ¤,
îŠ¥,
îŠ¦,
îŠ§,
îŠ¨,
îŠ©,
îŒ€,
îŒ,
îŒ‚,
îŒƒ,
îŒ„,
îŒ…,
îŒ†,
îŒ‡,
îŒˆ,
îŒ‰,
îŒŠ,
îŒ‹,
îŒŒ,
îŒ,
îŒ,
îŒ,
îŒ,
îŒ‘,
îŒ’,
îŒ“,
îŒ”,
îŒ•,
îŒ–,
îŒ—,
îŒ˜,
îŒ™,
îŒš,
îŒ›,
îŒœ,
îŒ,
îŒ,
îŒŸ,
îŒ ,
îŒ¡,
îŒ¢,
îŒ£,
îŒ¤,
îŒ¥,
îŒ¦,
îŒ§,
îŒ¨,
îŒ©,
îŒª,
îŒ«,
îŒ¬,
îŒ­,
îŒ®,
îŒ¯,
îŒ°,
îŒ±,
îŒ²,
îŒ³,
îŒ´,
îŒµ,
îŒ¶,
îŒ·,
îŒ¸,
îŒ¹,
îŒº,
îŒ»,
îŒ¼,
îŒ½,
îŒ¾,
îŒ¿,
î€,
î,
î‚,
îƒ,
î„,
î…,
î†,
î‡,
îˆ,
î‰,
îŠ,
î‹,
îŒ,
î,
î,
î,
î,
î‘,
î’,
î“,
î”,
î•,
î–,
î—,
î˜,
î™,
îš,
î›,
îœ,
î,
î,
îŸ,
î ,
î¡,
î¢,
î£,
î¤,
î¥,
î¦,
î§,
î¨,
î©,
îª,
î«,
î¬,
î­,
î®,
î¯,
î°,
î±,
î²,
î³,
î´,
îµ,
î¶,
î·,
î¸,
î¹,
îº,
î»,
î¼,
î½,
î¾,
î¿,
î€,
î,clock circled 0 12
î‚,clock circled 1
îƒ,clock circled 2
î„,clock circled 3
î…,clock circled 4
î†,clock circled 5
î‡,clock circled 6
îˆ,clock circled 7
î‰,clock circled 8
îŠ,clock circled 9
î‹,clock circled 10
îŒ,clock circled 11
î,moon phase
î,moon phase
î,moon phase
î,moon phase
î‘,moon phase
î’,moon phase
î“,moon phase
î”,moon phase
î•,moon phase
î–,moon phase
î—,moon phase
î˜,moon phase
î™,moon phase
îš,moon phase
î›,moon phase
îœ,moon phase
î,moon phase
î,moon phase
îŸ,moon phase
î ,moon phase
î¡,moon phase
î¢,moon phase
î£,moon phase
î¤,moon phase
î¥,moon phase
î¦,moon phase
î§,moon phase
î¨,moon phase
î©,
îª,
î«,
î¬,
î­,
î®,
î¯,
î°,
î±,
î²,
î³,
î´,
îµ,
î¶,
î·,
î¸,
î¹,
îº,
î»,
î¼,
î½,
î¾,
î¿,
î€,
î,
î‚,
îƒ,
î„,
î…,
î†,
î‡,
îˆ,moon phase circled
î‰,moon phase circled
îŠ,moon phase circled
î‹,moon phase circled
îŒ,moon phase circled
î,moon phase circled
î,moon phase circled
î,moon phase circled
î,moon phase circled
î‘,moon phase circled
î’,moon phase circled
î“,moon phase circled
î”,moon phase circled
î•,moon phase circled
î–,moon phase circled
î—,moon phase circled
î˜,moon phase circled
î™,moon phase circled
îš,moon phase circled
î›,moon phase circled
îœ,moon phase circled
î,moon phase circled
î,moon phase circled
îŸ,moon phase circled
î ,moon phase circled
î¡,moon phase circled
î¢,moon phase circled
î£,moon phase circled
î—º,npm
î—»,
î—¼,
î—½,
î—¾,
î—¿,
î˜€,
î˜,
î˜‚,
î˜ƒ,
î˜„,
î˜…,
î˜†,
î˜‡,
î˜ˆ,php
î˜‰,
î˜Š,
î˜‹,
î˜Œ,js javascript
î˜,
î˜,
î˜,
î˜,
î˜‘,
î˜’,
î˜“,
î˜”,
î˜•,
î˜–,npm
î˜—,
î˜˜,
î˜™,rss
î˜š,
î˜›,
î˜œ,
î˜,c++ plus plus language
î˜,c language
î˜Ÿ,heskell
î˜ ,
î˜¡,
î˜¢,
î˜£,
î˜¤,
î˜¥,
î˜¦,
î˜§,
î˜¨,
î˜©,ms dos msdos
î˜ª,windows
î˜«,vim
î˜¬,
î˜­,
î˜®,
îœ€,bing
îœ,
îœ‚,
îœƒ,
îœ„,
îœ…,
îœ†,
îœ‡,dropbox
îœˆ,
îœ‰,github
îœŠ,
îœ‹,wordpress
îœŒ,vs code visual studio
îœ,
îœ,android
îœ,windows
îœ,stackoverflow
îœ‘,apple mac os
îœ’,linux
îœ“,application mac apple
îœ”,
îœ•,yahoo
îœ–,
îœ—,github
îœ˜,
îœ™,
îœš,
îœ›,
îœœ,
îœ,
îœ,
îœŸ,
îœ ,
îœ¡,
îœ¢,
îœ£,
îœ¤,
îœ¥,
îœ¦,
îœ§,
îœ¨,
îœ©,
îœª,
îœ«,
îœ¬,
îœ­,
îœ®,
îœ¯,
îœ°,
îœ±,
îœ²,
îœ³,
îœ´,
îœµ,
îœ¶,
îœ·,
îœ¸,
îœ¹,
îœº,
îœ»,
îœ¼,
îœ½,
îœ¾,
îœ¿,
î€,
î,
î‚,
îƒ,google chrome
î„,internet explorer
î…,mozilla firefox
î†,opera
î‡,
îˆ,
î‰,
îŠ,
î‹,
îŒ,
î,
î,js javascript
î,
î,
î‘,
î’,
î“,
î”,
î•,
î–,
î—,
î˜,
î™,
îš,
î›,
îœ,
î,
î,
îŸ,
î ,
î¡,
î¢,
î£,
î¤,
î¥,
î¦,
î§,
î¨,
î©,
îª,
î«,
î¬,
î­,
î®,
î¯,
î°,
î±,
î²,
î³,
î´,
îµ,
î¶,
î·,haskell
î¸,
î¹,
îº,
î»,
î¼,
î½,
î¾,
î¿,
î€,
î,js javascript
î‚,
îƒ,
î„,
î…,
î†,
î‡,
îˆ,
î‰,creative commons
îŠ,
î‹,
îŒ,
î,
î,
î,
î,
î‘,ruby
î’,
î“,
î”,
î•,
î–,
î—,
î˜,
î™,
îš,mailchimp
î›,
îœ,dreamweaver
î,bracket
î,eclipse
îŸ,
î ,
î¡,
î¢,
î£,
î¤,
î¥,
î¦,
î§,
î¨,
î©,
îª,
î«,
î¬,
î­,
î®,
î¯,
î°,
î±,
î²,
î³,
î´,adobe illustrator
îµ,
î¶,
î·,
î¸,adobe photoshop
î¹,
îº,
î»,
î¼,
î½,
î¾,
î¿,
îŸ€,
îŸ,
îŸ‚,
îŸƒ,
îŸ„,
îŸ…,vim
î¬€,box drawing supplement
î¬,box drawing supplement
î¬‚,box drawing supplement
î¬ƒ,box drawing supplement
î¬„,box drawing supplement
î¬…,box drawing supplement
î¬†,box drawing supplement
î¬‡,box drawing supplement
î¬ˆ,box drawing supplement
î¬‰,box drawing supplement
î¬Š,box drawing supplement
î¬‹,box drawing supplement
î¬£,box drawing supplement nesteruk
î¬¤,box drawing supplement nesteruk
î¬¥,box drawing supplement nesteruk
î¬¦,box drawing supplement nesteruk
î¬§,box drawing supplement nesteruk
î¬¨,box drawing supplement nesteruk
î¬©,box drawing supplement nesteruk
î¬ª,box drawing supplement nesteruk
î¬«,box drawing supplement nesteruk
î¬¬,box drawing supplement nesteruk
î¬­,box drawing supplement nesteruk
î¬®,box drawing supplement nesteruk
î¬¯,box drawing supplement nesteruk
î¬°,box drawing supplement nesteruk
î¬±,box drawing supplement nesteruk
î¬²,box drawing supplement nesteruk
î¬³,box drawing supplement nesteruk
î¬´,box drawing supplement nesteruk
î¬µ,box drawing supplement nesteruk
î¬¶,box drawing supplement nesteruk
î¬·,box drawing supplement nesteruk
î¬¸,box drawing supplement nesteruk
î¬¹,box drawing supplement nesteruk
î¬º,box drawing supplement nesteruk
î­€,box drawing supplement nesteruk
î­,box drawing supplement nesteruk
î­‚,box drawing supplement nesteruk
î­ƒ,box drawing supplement nesteruk
î­„,box drawing supplement nesteruk
î­…,box drawing supplement nesteruk
î­†,box drawing supplement nesteruk
î­‡,box drawing supplement nesteruk
î­ˆ,box drawing supplement nesteruk
î­‰,box drawing supplement nesteruk
î­Š,box drawing supplement nesteruk
î­‹,box drawing supplement nesteruk
î­Œ,box drawing supplement nesteruk
î­,box drawing supplement nesteruk
î­,box drawing supplement nesteruk
î­,box drawing supplement nesteruk
î­,box drawing supplement nesteruk
î­‘,box drawing supplement nesteruk
î­’,box drawing supplement nesteruk
î­“,box drawing supplement nesteruk
î­”,box drawing supplement nesteruk
î­•,box drawing supplement nesteruk
î­–,box drawing supplement nesteruk
î­—,box drawing supplement nesteruk
î­˜,box drawing supplement nesteruk
î­™,box drawing supplement nesteruk
î­š,box drawing supplement nesteruk
î­›,box drawing supplement nesteruk
î­œ,box drawing supplement nesteruk
î­,box drawing supplement nesteruk
î­,box drawing supplement nesteruk
î­Ÿ,box drawing supplement nesteruk
î­ ,box drawing supplement nesteruk
î­¡,box drawing supplement nesteruk
î­¢,box drawing supplement nesteruk
î­£,box drawing supplement nesteruk
î­¤,box drawing supplement nesteruk
î­¥,box drawing supplement nesteruk
î­¦,box drawing supplement nesteruk
î­§,box drawing supplement nesteruk
î­¨,box drawing supplement nesteruk
î­©,box drawing supplement nesteruk
î­ª,box drawing supplement nesteruk
î­«,box drawing supplement nesteruk
î­¬,box drawing supplement nesteruk
î­­,box drawing supplement nesteruk
î­®,box drawing supplement nesteruk
î­¯,box drawing supplement nesteruk
î­°,box drawing supplement nesteruk
î­±,box drawing supplement nesteruk
î­²,box drawing supplement nesteruk
î­³,box drawing supplement nesteruk
î®€,box drawing supplement nesteruk
î®,box drawing supplement nesteruk
î®‚,box drawing supplement nesteruk
î®ƒ,box drawing supplement nesteruk
î®„,box drawing supplement nesteruk
î®…,box drawing supplement nesteruk
î®†,box drawing supplement nesteruk
î®‰,box drawing supplement nesteruk
î®Š,box drawing supplement nesteruk
î®‹,box drawing supplement nesteruk
î®Œ,box drawing supplement nesteruk
î®,box drawing supplement nesteruk
î®,box drawing supplement nesteruk
î®,box drawing supplement nesteruk
î®,box drawing supplement nesteruk
î®‘,box drawing supplement nesteruk
î®’,box drawing supplement nesteruk
î®“,box drawing supplement nesteruk
î®”,box drawing supplement nesteruk
î®•,box drawing supplement nesteruk
î®–,box drawing supplement nesteruk
î®—,box drawing supplement nesteruk
î®˜,box drawing supplement nesteruk
î®™,box drawing supplement nesteruk
î®š,box drawing supplement nesteruk
î®›,box drawing supplement nesteruk
î®œ,box drawing supplement nesteruk
î®,box drawing supplement nesteruk
î®,box drawing supplement nesteruk
î®Ÿ,box drawing supplement nesteruk
î® ,box drawing supplement nesteruk
î®¡,box drawing supplement nesteruk
î®¢,box drawing supplement nesteruk
î®£,box drawing supplement nesteruk
î®¤,box drawing supplement nesteruk
î®¥,box drawing supplement nesteruk
î®¦,box drawing supplement nesteruk
î®§,box drawing supplement nesteruk
î®¨,box drawing supplement nesteruk
î®©,box drawing supplement nesteruk
î®ª,box drawing supplement nesteruk
î®«,box drawing supplement nesteruk
î®¬,box drawing supplement nesteruk
î®­,box drawing supplement nesteruk
î®®,box drawing supplement nesteruk
î®¯,box drawing supplement nesteruk
î®°,box drawing supplement nesteruk
î®±,box drawing supplement nesteruk
î®²,box drawing supplement nesteruk
î®³,box drawing supplement nesteruk
î®´,box drawing supplement nesteruk
î®µ,box drawing supplement nesteruk
î®¶,box drawing supplement nesteruk
î®·,box drawing supplement nesteruk
î®¸,box drawing supplement nesteruk
î®¹,box drawing supplement nesteruk
î®º,box drawing supplement nesteruk
î®»,box drawing supplement nesteruk
î®¼,box drawing supplement nesteruk
î®½,box drawing supplement nesteruk
î®¾,box drawing supplement nesteruk
î®¿,box drawing supplement nesteruk
î¯€,box drawing supplement nesteruk
î¯,box drawing supplement nesteruk
î¯‚,box drawing supplement nesteruk
î¯ƒ,box drawing supplement nesteruk
î¯„,box drawing supplement nesteruk
î¯…,box drawing supplement nesteruk
î¯ ,box drawing supplement nesteruk
î¯¡,box drawing supplement nesteruk
î¯¢,box drawing supplement nesteruk
î¯£,box drawing supplement nesteruk
î¯¤,box drawing supplement nesteruk
î¯¥,box drawing supplement nesteruk
î¯¦,box drawing supplement nesteruk
î¯§,box drawing supplement nesteruk
î¯¨,box drawing supplement nesteruk
î¯©,box drawing supplement nesteruk
î¯ª,box drawing supplement nesteruk
î¯«,box drawing supplement nesteruk
î¯¬,box drawing supplement nesteruk
î¯­,box drawing supplement nesteruk
î¯®,box drawing supplement nesteruk
î¯¯,box drawing supplement nesteruk
î¯°,box drawing supplement nesteruk
î¯±,box drawing supplement nesteruk
î¯²,box drawing supplement nesteruk
î¯³,box drawing supplement nesteruk
î¯´,box drawing supplement nesteruk
î¯µ,box drawing supplement nesteruk
î¯¶,box drawing supplement nesteruk
î¯·,box drawing supplement nesteruk
î¯¸,box drawing supplement nesteruk
î¯¹,box drawing supplement nesteruk
î¯º,box drawing supplement nesteruk
î¯»,box drawing supplement nesteruk
î¯¼,box drawing supplement nesteruk
î¯½,box drawing supplement nesteruk
î¯¾,box drawing supplement nesteruk
î¯¿,box drawing supplement nesteruk
î°„,box drawing supplement nesteruk
î°…,box drawing supplement nesteruk
î°†,box drawing supplement nesteruk
î°‡,box drawing supplement nesteruk
î°ˆ,box drawing supplement nesteruk
î°‰,box drawing supplement nesteruk
î°Š,box drawing supplement nesteruk
î°‹,box drawing supplement nesteruk
î°Œ,box drawing supplement nesteruk
î°,box drawing supplement nesteruk
î°,box drawing supplement nesteruk
î°,box drawing supplement nesteruk
î°,box drawing supplement nesteruk
î°‘,box drawing supplement nesteruk
î°’,box drawing supplement nesteruk
î°“,box drawing supplement nesteruk
î°”,box drawing supplement nesteruk
î°•,box drawing supplement nesteruk
î°–,box drawing supplement nesteruk
î°—,box drawing supplement nesteruk
î°˜,box drawing supplement nesteruk
î°™,box drawing supplement nesteruk
î°š,box drawing supplement nesteruk
î°›,box drawing supplement nesteruk
î°œ,box drawing supplement nesteruk
î°,box drawing supplement nesteruk
î°,box drawing supplement nesteruk
î°Ÿ,box drawing supplement nesteruk
î° ,box drawing supplement nesteruk
î°¡,box drawing supplement nesteruk
î°¢,box drawing supplement nesteruk
î°£,box drawing supplement nesteruk
î°¤,box drawing supplement nesteruk
î°¥,box drawing supplement nesteruk
î°¦,box drawing supplement nesteruk
î°§,box drawing supplement nesteruk
î°¨,box drawing supplement nesteruk
î°©,box drawing supplement nesteruk
î°ª,box drawing supplement nesteruk
î°«,box drawing supplement nesteruk
î°¬,box drawing supplement nesteruk
î°­,box drawing supplement nesteruk
î°®,box drawing supplement nesteruk
î°¯,box drawing supplement nesteruk
î°°,box drawing supplement nesteruk
î°±,box drawing supplement nesteruk
î°²,box drawing supplement nesteruk
î°³,box drawing supplement nesteruk
î°´,box drawing supplement nesteruk
î°µ,box drawing supplement nesteruk
î°¶,box drawing supplement nesteruk
î°·,box drawing supplement nesteruk
î°¼,box drawing supplement nesteruk
î°½,box drawing supplement nesteruk
î°¾,box drawing supplement nesteruk
î°¿,box drawing supplement nesteruk
î±€,box drawing supplement nesteruk
î±,box drawing supplement nesteruk
î±‚,box drawing supplement nesteruk
î±ƒ,box drawing supplement nesteruk
î±„,box drawing supplement nesteruk
î±…,box drawing supplement nesteruk
î±†,box drawing supplement nesteruk
î±‡,box drawing supplement nesteruk
î±ˆ,box drawing supplement nesteruk
î² ,box drawing supplement nesteruk
î²¡,box drawing supplement nesteruk
î²¢,box drawing supplement nesteruk
î²£,box drawing supplement nesteruk
î²¤,box drawing supplement nesteruk
î²¥,box drawing supplement nesteruk
î²¦,box drawing supplement nesteruk
î²§,box drawing supplement nesteruk
î²¨,box drawing supplement nesteruk
î²©,box drawing supplement nesteruk
î²ª,box drawing supplement nesteruk
î²«,box drawing supplement nesteruk
î²¬,box drawing supplement nesteruk
î²­,box drawing supplement nesteruk
î²®,box drawing supplement nesteruk
î³€,box drawing supplement nesteruk
î³,box drawing supplement nesteruk
î³‚,box drawing supplement nesteruk
î³ƒ,box drawing supplement nesteruk
î³„,box drawing supplement nesteruk
î³…,box drawing supplement nesteruk
î³†,box drawing supplement nesteruk
î³‡,box drawing supplement nesteruk
î³ˆ,box drawing supplement nesteruk
î³‰,box drawing supplement nesteruk
î³Š,box drawing supplement nesteruk
î³‹,box drawing supplement nesteruk
î³Œ,box drawing supplement nesteruk
î³,box drawing supplement nesteruk
î³,box drawing supplement nesteruk
î³,box drawing supplement nesteruk
î³,box drawing supplement nesteruk
î³‘,box drawing supplement nesteruk
î³’,box drawing supplement nesteruk
î³“,box drawing supplement nesteruk
î³”,box drawing supplement nesteruk
î³•,box drawing supplement nesteruk
î³–,box drawing supplement nesteruk
î³—,box drawing supplement nesteruk
î³˜,box drawing supplement nesteruk
î³™,box drawing supplement nesteruk
î³š,box drawing supplement nesteruk
î³ ,box drawing supplement nesteruk
î³¡,box drawing supplement nesteruk
î³¢,box drawing supplement nesteruk
î³£,box drawing supplement nesteruk
î³¤,box drawing supplement nesteruk
î³¥,box drawing supplement nesteruk
î³¦,box drawing supplement nesteruk
î³§,box drawing supplement nesteruk
î³¨,box drawing supplement nesteruk
î³©,box drawing supplement nesteruk
î³ª,box drawing supplement nesteruk
î³«,box drawing supplement nesteruk
î³¬,box drawing supplement nesteruk
î³­,box drawing supplement nesteruk
î³®,box drawing supplement nesteruk
î³¯,box drawing supplement nesteruk
î³°,box drawing supplement nesteruk
î³±,box drawing supplement nesteruk
î³²,box drawing supplement nesteruk
î³³,box drawing supplement nesteruk
î³´,box drawing supplement nesteruk
î³µ,box drawing supplement nesteruk
î³¶,box drawing supplement nesteruk
î³·,box drawing supplement nesteruk
î³¸,box drawing supplement nesteruk
î³¹,box drawing supplement nesteruk
î³º,box drawing supplement nesteruk
î³»,box drawing supplement nesteruk
î³¼,box drawing supplement nesteruk
î³½,box drawing supplement nesteruk
î³¾,box drawing supplement nesteruk
î³¿,box drawing supplement nesteruk
î´€,box drawing supplement nesteruk
î´,box drawing supplement nesteruk
î´‚,box drawing supplement nesteruk
î´ƒ,box drawing supplement nesteruk
î´„,box drawing supplement nesteruk
î´…,box drawing supplement nesteruk
î´†,box drawing supplement nesteruk
î´‡,box drawing supplement nesteruk
î´ˆ,box drawing supplement nesteruk
î´‰,box drawing supplement nesteruk
î´Š,box drawing supplement nesteruk
î´‹,box drawing supplement nesteruk
î´Œ,box drawing supplement nesteruk
î´,box drawing supplement nesteruk
î´,box drawing supplement nesteruk
î´,box drawing supplement nesteruk
î´,box drawing supplement nesteruk
î´‘,box drawing supplement nesteruk
î´’,box drawing supplement nesteruk
î´“,box drawing supplement nesteruk
î´ ,box drawing supplement nesteruk
î´¡,box drawing supplement nesteruk
î´¢,box drawing supplement nesteruk
î´£,box drawing supplement nesteruk
î´¤,box drawing supplement nesteruk
î´¥,box drawing supplement nesteruk
î´¦,box drawing supplement nesteruk
î´§,box drawing supplement nesteruk
î´¨,box drawing supplement nesteruk
î´©,box drawing supplement nesteruk
î´ª,box drawing supplement nesteruk
î´«,box drawing supplement nesteruk
î´¬,box drawing supplement nesteruk
î´­,box drawing supplement nesteruk
î´®,box drawing supplement nesteruk
î´¯,box drawing supplement nesteruk
î´°,box drawing supplement nesteruk
î´±,box drawing supplement nesteruk
î´²,box drawing supplement nesteruk
î´³,box drawing supplement nesteruk
î´´,box drawing supplement nesteruk
î´µ,box drawing supplement nesteruk
î´¶,box drawing supplement nesteruk
î´·,box drawing supplement nesteruk
î´¸,box drawing supplement nesteruk
î´¹,box drawing supplement nesteruk
î´º,box drawing supplement nesteruk
î´»,box drawing supplement nesteruk
î´¼,box drawing supplement nesteruk
î´½,box drawing supplement nesteruk
î´¾,box drawing supplement nesteruk
î´¿,box drawing supplement nesteruk
îµ€,box drawing supplement nesteruk
îµ,box drawing supplement nesteruk
îµ‚,box drawing supplement nesteruk
îµƒ,box drawing supplement nesteruk
îµ„,box drawing supplement nesteruk
îµ…,box drawing supplement nesteruk
îµ†,box drawing supplement nesteruk
îµ‡,box drawing supplement nesteruk
îµˆ,box drawing supplement nesteruk
îµ‰,box drawing supplement nesteruk
îµŠ,box drawing supplement nesteruk
îµ‹,box drawing supplement nesteruk
îµŒ,box drawing supplement nesteruk
îµ,box drawing supplement nesteruk
îµ,box drawing supplement nesteruk
îµ,box drawing supplement nesteruk
îµ,box drawing supplement nesteruk
îµ‘,box drawing supplement nesteruk
îµ’,box drawing supplement nesteruk
îµ“,box drawing supplement nesteruk
îµ”,box drawing supplement nesteruk
îµ•,box drawing supplement nesteruk
îµ–,box drawing supplement nesteruk
îµ—,box drawing supplement nesteruk
îµ˜,box drawing supplement nesteruk
îµ™,box drawing supplement nesteruk
îµš,box drawing supplement nesteruk
îµ›,box drawing supplement nesteruk
îµœ,box drawing supplement nesteruk
îµ,box drawing supplement nesteruk
îµ,box drawing supplement nesteruk
îµŸ,box drawing supplement nesteruk
îµ ,box drawing supplement nesteruk
îµ¡,box drawing supplement nesteruk
îµ¢,box drawing supplement nesteruk
îµ£,box drawing supplement nesteruk
îµ¤,box drawing supplement nesteruk
îµ¥,box drawing supplement nesteruk
î¶€,box drawing supplement nesteruk
î¶,box drawing supplement nesteruk
î¶‚,box drawing supplement nesteruk
î¶ƒ,box drawing supplement nesteruk
î¶„,box drawing supplement nesteruk
î¶…,box drawing supplement nesteruk
î¶†,box drawing supplement nesteruk
î¶‡,box drawing supplement nesteruk
î¶ˆ,box drawing supplement nesteruk
î¶‰,box drawing supplement nesteruk
î¶Š,box drawing supplement nesteruk
î¶‹,box drawing supplement nesteruk
î¶Œ,box drawing supplement nesteruk
î¶,box drawing supplement nesteruk
î¶,box drawing supplement nesteruk
î¶,box drawing supplement nesteruk
î¶,box drawing supplement nesteruk
î¶‘,box drawing supplement nesteruk
î¶’,box drawing supplement nesteruk
î¶“,box drawing supplement nesteruk
î¶”,box drawing supplement nesteruk
î¶•,box drawing supplement nesteruk
î¶–,box drawing supplement nesteruk
î¶—,box drawing supplement nesteruk
î¶˜,box drawing supplement nesteruk
î¶™,box drawing supplement nesteruk
î¶š,box drawing supplement nesteruk
î¶›,box drawing supplement nesteruk
î¶œ,box drawing supplement nesteruk
î¶,box drawing supplement nesteruk
î¶,box drawing supplement nesteruk
î¶Ÿ,box drawing supplement nesteruk
î¶¤,box drawing supplement nesteruk
î¶¥,box drawing supplement nesteruk
î¶¦,box drawing supplement nesteruk
î¶§,box drawing supplement nesteruk
î¶¨,box drawing supplement nesteruk
î¶©,box drawing supplement nesteruk
î¶ª,box drawing supplement nesteruk
î¶«,box drawing supplement nesteruk
î¶¬,box drawing supplement nesteruk
î¶­,box drawing supplement nesteruk
î¶®,box drawing supplement nesteruk
î¶¯,box drawing supplement nesteruk
î¶°,box drawing supplement nesteruk
î¶±,box drawing supplement nesteruk
î¶²,box drawing supplement nesteruk
î¶³,box drawing supplement nesteruk
î¶´,box drawing supplement nesteruk
î¶µ,box drawing supplement nesteruk
î¶¶,box drawing supplement nesteruk
î¶·,box drawing supplement nesteruk
î¶¸,box drawing supplement nesteruk
î¶¹,box drawing supplement nesteruk
î¶º,box drawing supplement nesteruk
î¶»,box drawing supplement nesteruk
î¶¼,box drawing supplement nesteruk
î¶½,box drawing supplement nesteruk
î¶¾,box drawing supplement nesteruk
î¶¿,box drawing supplement nesteruk
î·€,box drawing supplement nesteruk
î·,box drawing supplement nesteruk
î·‚,box drawing supplement nesteruk
î·ƒ,box drawing supplement nesteruk
î·„,box drawing supplement nesteruk
î·…,box drawing supplement nesteruk
î·†,box drawing supplement nesteruk
î·‡,box drawing supplement nesteruk
î·ˆ,box drawing supplement nesteruk
î·‰,box drawing supplement nesteruk
î·Š,box drawing supplement nesteruk
î·‹,box drawing supplement nesteruk
î·Œ,box drawing supplement nesteruk
î·,box drawing supplement nesteruk
î·,box drawing supplement nesteruk
î·,box drawing supplement nesteruk
î·,box drawing supplement nesteruk
î·‘,box drawing supplement nesteruk
î·’,box drawing supplement nesteruk
î·“,box drawing supplement nesteruk
î·”,box drawing supplement nesteruk
î·•,box drawing supplement nesteruk
î·–,box drawing supplement nesteruk
î·—,box drawing supplement nesteruk
î·œ,box drawing supplement nesteruk
î·,box drawing supplement nesteruk
î·,box drawing supplement nesteruk
î·Ÿ,box drawing supplement nesteruk
î· ,box drawing supplement nesteruk
î·¡,box drawing supplement nesteruk
î·¢,box drawing supplement nesteruk
î·£,box drawing supplement nesteruk
î·¤,box drawing supplement nesteruk
î·¥,box drawing supplement nesteruk
î·¦,box drawing supplement nesteruk
î·§,box drawing supplement nesteruk
î·¨,box drawing supplement nesteruk
ï€€,glass martini
ï€,music note
ï€‚,search magnifying glass
ï€ƒ,envelope
ï€„,love heart
ï€…,star solid
ï€†,star outline
ï€‡,person user customer
ï€ˆ,film movie video
ï€‰,grid th large 4 boxes rectangles list
ï€Š,grid th 9 boxes rectangles list
ï€‹,list 3 rows
ï€Œ,check
ï€,times
ï€,magnifying glass + plus zoom in
ï€,magnifying glass - minus zoom out
ï€‘,power off switch
ï€’,signal rectangles
ï€“,cog gear preference options
ï€”,trash bin
ï€•,house
ï€–,file document
ï€—,clock
ï€˜,street road
ï€™,download
ï€š,arrow circle down
ï€›,arrow circle up
ï€œ,inbox 
ï€,play circle
ï€,redo clockwise
ï€¡,sync clockwise
ï€¢,table badge 
ï€£,lock
ï€¤,flag
ï€¥,headphones
ï€¦,volume off
ï€§,volume down
ï€¨,volume up
ï€©,qr code qrcode
ï€ª,barcode
ï€«,tag
ï€¬,tags
ï€­,book
ï€®,bookmarks
ï€¯,printer
ï€°,camera 
ï€±,text a serif
ï€²,text b bold serif
ï€³,text i italic serif
ï€´,text t serif height
ï€µ,text t serif width
ï€¶,text aligned left
ï€·,text aligned center
ï€¸,text aligned right
ï€¹,text aligned justified
ï€º,listed text
ï€»,outdented text
ï€¼,indented text
ï€½,movie camera video
ï€¾,picture image
ï€,pencil
ï,map marker pin 
ï‚,adjust circle half white black outline solid
ïƒ,drop tint
ï„,edit pencil square rounded
ï…,share square rounded
ï†,check square rounded
ï‡,arrows 4 directions
ïˆ,step backward rewind triangle
ï‰,fast backward rewind triangles
ïŠ,backward rewind triangles
ï‹,play triangle
ïŒ,pause
ï,stop
ï,forward triangles
ï,fast forward triangles
ï‘,step forward triangle
ï’,eject
ï“,chevron left
ï”,chevron right
ï•,plus circle
ï–,minus circle
ï—,times multiply circle
ï˜,check circle
ï™,question circle
ïš,info circle
ï›,
ïœ,times multiply circle outline
ï,check circle outline
ï,slash circle outline
ï ,arrow left
ï¡,arrow right
ï¢,arrow top
ï£,arrow down bottom
ï¤,share arrow right
ï¥,expand arrows
ï¦,compress arrows
ï§,plus
ï¨,minus
ï©,asterisk
ïª,exclamation circle
ï«,gift
ï¬,leaf
ï­,
ï®,visible eye
ï°,invisible hidden eye backslash
ï±,exclamation triangle warning danger
ï²,airplane
ï³,calendar agenda
ï´,random arrows
ïµ,comment comics cloud speak
ï¶,magnet
ï·,angle up
ï¸,angle down
ï¹,retweet
ïº,shopping cart
ï»,folder
ï¼,folder opened
ï½,arrows 2 directions vertical
ï¾,arrows 2 directions horizontal
ï‚€,chart bar graphic
ï‚,tritter icon mark boxed
ï‚‚,facebook icon mark boxed
ï‚ƒ,old camera
ï‚„,old key
ï‚…,gears cogs
ï‚†,comments comics clouds speak
ï‚‡,thumbs up outline
ï‚ˆ,thumbs down outline
ï‚‰,half star left
ï‚Š,heart outline
ï‚‹,sign out log out exit
ï‚Œ,linkedin icon mark
ï‚,pin
ï‚,external link arrow box rounded
ï‚,sign in log in enter
ï‚‘,trophy
ï‚’,github icon mark
ï‚“,upload
ï‚”,lemon outline
ï‚•,telephone handset
ï‚–,square rounded outline
ï‚—,bookmarks outline
ï‚˜,telephone handset boxed square
ï‚™,twitter mark icon
ï‚š,facebook icon mark
ï‚›,github icon mark
ï‚œ,unlocked unprotected
ï‚,credit card
ï‚,rss
ï‚ ,hard disk outline hdd
ï‚¡,bullhorn megaphone
ï‚¢,bell outline notification
ï‚£,certificate star
ï‚¤,hand pointing right outline
ï‚¥,hand pointing left outline
ï‚¦,hand pointing top up outline
ï‚§,hand pointing bottom down outline
ï‚¨,arrow left circle
ï‚©,arrow right circle
ï‚ª,arrow top up circle
ï‚«,arrow bottom down circle
ï‚¬,globe americas world earth
ï‚­,wrench
ï‚®,server hard disks hdd
ï‚°,funnel filter
ï‚±,briefcase suitcase bag
ï‚²,expand 4 arrows decompress
ïƒ€,users people persons
ïƒ,link url chain
ïƒ‚,cloud
ïƒƒ,flask chemistry lab
ïƒ„,scissor outline
ïƒ…,files 2 document
ïƒ†,attach
ïƒ‡,floppy disk outline
ïƒˆ,square rounded
ïƒ‰,bars list justified text 3 rows
ïƒŠ,list ul 3 rows
ïƒ‹,list ol 3 rows
ïƒŒ,strikethrough line
ïƒ,underline
ïƒ,calendar agenda
ïƒ,magic wand
ïƒ‘,truck
ïƒ’,pinterest rounded icon mark
ïƒ“,pinterest squared icon mark
ïƒ”,google plus squared icon mark
ïƒ•,google plus icon mark
ïƒ–,money bill 1 dollar
ïƒ—,caret down bottom triangle
ïƒ˜,caret top up triangle
ïƒ™,caret left triangle
ïƒš,caret right triangle
ïƒ›,calendar day 2 columns
ïƒœ,sort 2 triangles
ïƒ,sort down triangle bottom
ïƒ,sort up triangle top
ïƒ ,envelope
ïƒ¡,linkedin icon mark
ïƒ¢,undo refresh
ïƒ£,gavel judge
ïƒ¤,tachometer dashboard
ïƒ¥,comment comics cloud speak outline
ïƒ¦,comments comics clouds speak outline
ïƒ§,bolt lightning
ïƒ¨,sitemap organize
ïƒ©,umbrella
ïƒª,paste clipboard document file
ïƒ«,lightbulb outline
ïƒ¬,exchange arrows 2 opposite directions
ïƒ­,cloud download
ïƒ®,cloud upload
ïƒ°,user md medic doctor
ïƒ±,stethoscope
ïƒ²,bag suitcase
ïƒ³,bell notification
ïƒ´,coffe mug cup
ïƒµ,utensils fork knife
ïƒ¶,document file outline
ïƒ·,building
ïƒ¸,hospital
ïƒ¹,ambulance
ïƒº,first aid
ïƒ»,fighter jet airplane
ïƒ¼,beer
ïƒ½,hospital sign h square icon rounded
ïƒ¾,plus square rounded
ï„€,
ï„,
ï„‚,
ï„ƒ,
ï„„,
ï„…,
ï„†,
ï„‡,
ï„ˆ,
ï„‰,
ï„Š,
ï„‹,
ï„Œ,
ï„,
ï„,
ï„,
ï„‘,
ï„’,
ï„“,
ï„”,
ï„•,
ï„˜,
ï„™,
ï„š,
ï„›,
ï„œ,
ï„,
ï„,
ï„ ,
ï„¡,
ï„¢,
ï„£,
ï„¤,
ï„¥,
ï„¦,
ï„§,
ï„¨,
ï„©,
ï„ª,
ï„«,
ï„¬,
ï„­,
ï„®,
ï„°,
ï„±,
ï„²,
ï„³,
ï„´,
ï„µ,
ï„¶,
ï„·,
ï„¸,
ï„¹,
ï„º,
ï„»,
ï„¼,
ï„½,
ï„¾,
ï…€,
ï…,
ï…‚,
ï…ƒ,
ï…„,
ï……,
ï…†,
ï…‡,
ï…ˆ,
ï…‰,
ï…Š,
ï…‹,
ï…Œ,
ï…,
ï…,
ï…,
ï…‘,
ï…’,
ï…“,
ï…”,
ï…•,
ï…–,
ï…—,
ï…˜,
ï…™,
ï…š,
ï…›,
ï…œ,
ï…,
ï…,
ï… ,
ï…¡,
ï…¢,
ï…£,
ï…¤,
ï…¥,
ï…¦,
ï…§,
ï…¨,
ï…©,
ï…ª,
ï…«,
ï…¬,
ï…­,
ï…®,
ï…°,
ï…±,
ï…²,
ï…³,
ï…´,
ï…µ,
ï…¶,
ï…·,
ï…¸,
ï…¹,
ï…º,
ï…»,
ï…¼,
ï…½,
ï…¾,
ï†€,
ï†,
ï†‚,
ï†ƒ,
ï†„,
ï†…,
ï††,
ï†‡,
ï†ˆ,
ï†‰,
ï†Š,
ï†‹,
ï†Œ,
ï†,
ï†,
ï†,
ï†‘,
ï†’,
ï†“,
ï†”,
ï†•,
ï†–,
ï†—,
ï†˜,
ï†™,
ï†š,
ï†›,
ï†œ,
ï†,
ï†,
ï† ,
ï†¡,
ï†¢,
ï†£,
ï†¤,
ï†¥,
ï†¦,
ï†§,
ï†¨,
ï†©,
ï†ª,
ï†«,
ï†¬,
ï†­,
ï†®,
ï†°,
ï†±,
ï†²,
ï†³,
ï†´,
ï†µ,
ï†¶,
ï†·,
ï†¸,
ï†¹,
ï†º,
ï†»,
ï†¼,
ï†½,
ï†¾,
ï‡€,
ï‡,
ï‡‚,
ï‡ƒ,
ï‡„,
ï‡…,
ï‡†,
ï‡‡,
ï‡ˆ,
ï‡‰,
ï‡Š,
ï‡‹,
ï‡Œ,
ï‡,
ï‡,
ï‡,
ï‡‘,
ï‡’,
ï‡“,
ï‡”,
ï‡•,
ï‡–,
ï‡—,
ï‡˜,
ï‡™,
ï‡š,
ï‡›,
ï‡œ,
ï‡,
ï‡,
ï‡ ,
ï‡¡,
ï‡¢,
ï‡£,
ï‡¤,
ï‡¥,
ï‡¦,
ï‡§,
ï‡¨,
ï‡©,
ï‡ª,
ï‡«,
ï‡¬,
ï‡­,
ï‡®,
ï‡°,
ï‡±,
ï‡²,
ï‡³,
ï‡´,
ï‡µ,
ï‡¶,
ï‡·,
ï‡¸,
ï‡¹,
ï‡º,
ï‡»,
ï‡¼,
ï‡½,
ï‡¾,
ïˆ€,
ïˆ,
ïˆ‚,
ïˆƒ,
ïˆ„,
ïˆ…,
ïˆ†,
ïˆ‡,
ïˆˆ,
ïˆ‰,
ïˆŠ,
ïˆ‹,
ïˆŒ,
ïˆ,
ïˆ,
ïˆ,
ïˆ‘,
ïˆ’,
ïˆ“,
ïˆ”,
ïˆ•,
ïˆ–,
ïˆ—,
ïˆ˜,
ïˆ™,
ïˆš,
ïˆ›,
ïˆœ,
ïˆ,
ïˆ,
ïˆ¡,
ïˆ¢,
ïˆ£,
ïˆ¤,
ïˆ¥,
ïˆ¦,
ïˆ§,
ïˆ¨,
ïˆ©,
ïˆª,
ïˆ«,
ïˆ¬,
ïˆ­,
ïˆ°,
ïˆ±,
ïˆ²,
ïˆ³,
ïˆ´,
ïˆµ,
ïˆ¶,
ïˆ·,
ïˆ¸,
ïˆ¹,
ïˆº,
ïˆ»,
ïˆ¼,
ïˆ½,
ïˆ¾,
ï‰€,
ï‰,
ï‰‚,
ï‰ƒ,
ï‰„,
ï‰…,
ï‰†,
ï‰‡,
ï‰ˆ,
ï‰‰,
ï‰Š,
ï‰‹,
ï‰Œ,
ï‰,
ï‰,
ï‰,
ï‰‘,
ï‰’,
ï‰“,
ï‰”,
ï‰•,
ï‰–,
ï‰—,
ï‰˜,
ï‰™,
ï‰š,
ï‰›,
ï‰œ,
ï‰,
ï‰,
ï‰ ,
ï‰¡,
ï‰¢,
ï‰£,
ï‰¤,
ï‰¥,
ï‰¦,
ï‰§,
ï‰¨,
ï‰©,
ï‰ª,
ï‰«,
ï‰¬,
ï‰­,
ï‰®,
ï‰°,
ï‰±,
ï‰²,
ï‰³,
ï‰´,
ï‰µ,
ï‰¶,
ï‰·,
ï‰¸,
ï‰¹,
ï‰º,
ï‰»,
ï‰¼,
ï‰½,
ï‰¾,
ïŠ€,
ïŠ,
ïŠ‚,
ïŠƒ,
ïŠ„,
ïŠ…,
ïŠ†,
ïŠ‡,
ïŠˆ,
ïŠ‰,
ïŠŠ,
ïŠ‹,
ïŠŒ,
ïŠ,
ïŠ,
ïŠ,
ïŠ‘,
ïŠ’,
ïŠ“,
ïŠ”,
ïŠ•,
ïŠ–,
ïŠ—,
ïŠ˜,
ïŠ™,
ïŠš,
ïŠ›,
ïŠœ,
ïŠ,
ïŠ,
ïŠ ,
ïŠ¡,
ïŠ¢,
ïŠ£,
ïŠ¤,
ïŠ¥,
ïŠ¦,
ïŠ§,
ïŠ¨,
ïŠ©,
ïŠª,
ïŠ«,
ïŠ¬,
ïŠ­,
ïŠ®,
ïŠ°,
ïŠ±,
ïŠ²,
ïŠ³,
ïŠ´,
ïŠµ,
ïŠ¶,
ïŠ·,
ïŠ¸,
ïŠ¹,
ïŠº,
ïŠ»,
ïŠ¼,
ïŠ½,
ïŠ¾,
ï‹€,
ï‹,
ï‹‚,
ï‹ƒ,
ï‹„,
ï‹…,
ï‹†,
ï‹‡,
ï‹ˆ,
ï‹‰,
ï‹Š,
ï‹‹,
ï‹Œ,
ï‹,
ï‹,
ï‹,
ï‹’,
ï‹“,
ï‹”,
ï‹•,
ï‹–,
ï‹—,
ï‹˜,
ï‹™,
ï‹š,
ï‹›,
ï‹œ,
ï‹,
ï‹,
ï‹ ,
ïŒ€,
ïŒ,
ïŒ‚,
ïŒƒ,
ïŒ„,
ïŒ…,
ïŒ†,
ïŒ‡,
ïŒˆ,
ïŒ‰,
ïŒŠ,
ïŒ‹,
ïŒŒ,
ïŒ,
ïŒ,
ïŒ,
ïŒ,
ïŒ‘,
ïŒ’,
ïŒ“,
ïŒ”,
ïŒ•,
ïŒ–,
ïŒ—,
ïŒ˜,
ïŒ™,
ïŒš,
ïŒ›,
ïŒœ,
ï€,
ï,
ï‚,
ïƒ,
ï„,
ï…,
ï†,
ï‡,
ïˆ,
ï‰,
ïŠ,
ï‹,
ïŒ,
ï,
ï,
ï,
ï,
ï‘,
ï’,
ï“,
ï”,
ï•,
ï–,
ï—,
ï˜,
ï™,
ïš,
ï›,
ïœ,
ï,
ï,
ïŸ,
ï ,
ï¡,
ï¢,
ï£,
ï¤,
ï¥,
ï¦,
ï§,
ï¨,
ï©,
ïª,
ï«,
ï¬,
ï­,
ï®,
ï¯,
ï°,
ï±,
ï²,
ï³,
ï´,
ïµ,
ï¶,
ï·,
ï¸,
ï¹,
ïº,
ï»,
ï¼,
ï½,
ï¾,
ï¿,
ï‘€,
ï‘,
ï‘‚,
ï‘ƒ,
ï‘„,
ï‘…,
ï‘†,
ï‘‡,
ï‘ˆ,
ï‘‰,
ï‘Š,
ï‘‹,
ï‘Œ,
ï‘,
ï‘,
ï‘,
ï‘,
ï‘‘,
ï‘’,
ï‘“,
ï‘”,
ï‘•,
ï‘–,
ï‘—,
ï‘˜,
ï‘™,
ï‘š,
ï‘›,
ï‘œ,
ï‘,
ï‘,
ï‘Ÿ,
ï‘ ,
ï‘¡,
ï‘¢,
ï‘£,
ï‘¤,
ï‘¥,
ï‘¦,
ï‘§,
ï‘¨,
ï‘©,
ï‘ª,
ï‘«,
ï‘¬,
ï‘­,
ï‘®,
ï‘¯,
ï‘°,
ï‘±,
ï‘²,
ï‘³,
ï‘´,
ï‘µ,
ï‘¶,
ï‘·,
ï‘¸,
ï‘¹,
ï‘º,
ï‘»,
ï‘¼,
ï‘½,
ï‘¾,
ï‘¿,
ï’€,
ï’,
ï’‚,
ï’ƒ,
ï’„,
ï’…,
ï’†,
ï’‡,
ï’ˆ,
ï’‰,
ï’Š,
ï’‹,
ï’Œ,
ï’,
ï’,
ï’,
ï’,
ï’‘,
ï’’,
ï’“,
ï’”,
ï’•,
ï’–,
ï’—,
ï’˜,
ï’™,
ï’š,
ï’›,
ï’œ,
ï’,
ï’,
ï’Ÿ,
ï’ ,
ï’¡,
ï’¢,
ï’£,
ï’¤,
ï’¥,
ï’¦,
ï’§,
ï’¨,
ï’©,
ï”€,
ï”,
ï”‚,
ï”ƒ,
ï”„,
ï”…,
ï”†,
ï”‡,
ï”ˆ,
ï”‰,
ï”Š,
ï”‹,
ï”Œ,
ï”,
ï”,
ï”,
ï”,
ï”‘,
ï”’,
ï”“,
ï””,
ï”•,
ï”–,
ï”—,
ï”˜,
ï”™,
ï”š,
ï”›,
ï”œ,
ï”,
ï”,
ï”Ÿ,
ï” ,
ï”¡,
ï”¢,
ï”£,
ï”¤,
ï”¥,
ï”¦,
ï”§,
ï”¨,
ï”©,
ï”ª,
ï”«,
ï”¬,
ï”­,
ï”®,
ï”¯,
ï”±,
ï”²,
ï”³,
ï”´,
ï”µ,
ï”¶,
ï”·,
ï”¸,
ï”¹,
ï”º,
ï”»,
ï”¼,
ï”½,
ï”¾,
ï”¿,
ï•€,
ï•,
ï•‚,
ï•ƒ,
ï•„,
ï•…,
ï•†,
ï•‡,
ï•ˆ,
ï•‰,
ï•Š,
ï•‹,
ï•Œ,
ï•,
ï•,
ï•,
ï•,
ï•‘,
ï•’,
ï•“,
ï•”,
ï••,
ï•–,
ï•—,
ï•˜,
ï•™,
ï•š,
ï•›,
ï•œ,
ï•,
ï•,
ï•Ÿ,
ï• ,
ï•¡,
ï•¢,
ï•£,
ï•¤,
ï•¥,
ï•¦,
ï•§,
ï•¨,
ï•©,
ï•ª,
ï•«,
ï•¬,
ï•­,
ï•®,
ï•¯,
ï•°,
ï•±,
ï•²,
ï•³,
ï•´,
ï•µ,
ï•¶,
ï•·,
ï•¸,
ï•¹,
ï•º,
ï•»,
ï•¼,
ï•½,
ï•¾,
ï•¿,
ï–€,
ï–,
ï–‚,
ï–ƒ,
ï–„,
ï–…,
ï–†,
ï–‡,
ï–ˆ,
ï–‰,
ï–Š,
ï–‹,
ï–Œ,
ï–,
ï–,
ï–,
ï–,
ï–‘,
ï–’,
ï–“,
ï–”,
ï–•,
ï––,
ï–—,
ï–˜,
ï–™,
ï–š,
ï–›,
ï–œ,
ï–,
ï–,
ï–Ÿ,
ï– ,
ï–¡,
ï–¢,
ï–£,
ï–¤,
ï–¥,
ï–¦,
ï–§,
ï–¨,
ï–©,
ï–ª,
ï–«,
ï–¬,
ï–­,
ï–®,
ï–¯,
ï–°,
ï–±,
ï–²,
ï–³,
ï–´,
ï–µ,
ï–¶,
ï–·,
ï–¸,
ï–¹,
ï–º,
ï–»,
ï–¼,
ï–½,
ï–¾,
ï–¿,
ï—€,
ï—,
ï—‚,
ï—ƒ,
ï—„,
ï—…,
ï—†,
ï—‡,
ï—ˆ,
ï—‰,
ï—Š,
ï—‹,
ï—Œ,
ï—,
ï—,
ï—,
ï—,
ï—‘,
ï—’,
ï—“,
ï—”,
ï—•,
ï—–,
ï——,
ï—˜,
ï—™,
ï—š,
ï—›,
ï—œ,
ï—,
ï—,
ï—Ÿ,
ï— ,
ï—¡,
ï—¢,
ï—£,
ï—¤,
ï—¥,
ï—¦,
ï—§,
ï—¨,
ï—©,
ï—ª,
ï—«,
ï—¬,
ï—­,
ï—®,
ï—¯,
ï—°,
,
ï—±,
ï—²,
ï—³,
ï—´,
ï—µ,
ï—¶,
ï—·,
ï—¸,
ï—¹,
ï—º,
ï—»,
ï—¼,
ï—½,
ï—¾,
ï—¿,
ï˜€,
,
ï˜,
ï˜‚,
ï˜ƒ,
ï˜„,
ï˜…,
ï˜†,
ï˜‡,
ï˜ˆ,
ï˜‰,
ï˜Š,
ï˜‹,
ï˜Œ,
ï˜,
ï˜,
ï˜,
ï˜,
ï˜‘,
ï˜’,
ï˜“,
ï˜”,
ï˜•,
ï˜–,
ï˜—,
ï˜˜,
ï˜™,
ï˜š,
ï˜›,
ï˜œ,
ï˜,
ï˜,
ï˜Ÿ,
ï˜ ,
ï˜¡,
ï˜¢,
ï˜£,
ï˜¤,
ï˜¥,
ï˜¦,
ï˜§,
ï˜¨,
ï˜©,
ï˜ª,
ï˜«,
ï˜¬,
ï˜­,
ï˜®,
ï˜¯,
ï˜°,
ï˜±,
ï˜²,
ï˜³,
ï˜´,
ï˜µ,
ï˜¶,
ï˜·,
ï˜¸,
ï˜¹,
ï˜º,
ï˜»,
ï˜¼,
ï˜½,
ï˜¾,
ï˜¿,
ï™€,
ï™,
ï™‚,
ï™ƒ,
ï™„,
ï™…,
ï™†,
ï™‡,
ï™ˆ,
ï™‰,
ï™Š,
ï™‹,
ï™Œ,
ï™,
ï™,
ï™,
ï™,
ï™‘,
ï™’,
ï™“,
ï™”,
ï™•,
ï™–,
ï™—,
ï™˜,
ï™™,
ï™š,
ï™›,
ï™œ,
ï™,
ï™,
ï™Ÿ,
ï™ ,
ï™¡,
ï™¢,
ï™£,
ï™¤,
ï™¥,
ï™¦,
ï™§,
ï™¨,
ï™©,
ï™ª,
ï™«,
ï™¬,
ï™­,
ï™®,
ï™¯,
ï™°,
ï™±,
ï™²,
ï™³,
ï™´,
ï™µ,
ï™¶,
ï™·,
ï™¸,
ï™¹,
ï™º,
ï™»,
ï™¼,
ï™½,
ï™¾,
ï™¿,
ïš€,
ïš,
ïš‚,
ïšƒ,
ïš„,
ïš…,
ïš†,
ïš‡,
ïšˆ,
ïš‰,
ïšŠ,
ïš‹,
ïšŒ,
ïš,
ïš,
ïš,
ïš,
ïš‘,
ïš’,
ïš“,
ïš”,
ïš•,
ïš–,
ïš—,
ïš˜,
ïš™,
ïšš,
ïš›,
ïšœ,
ïš,
ïš,
ïšŸ,
ïš ,
ïš¡,
ïš¢,
ïš£,
ïš¤,
ïš¥,cube box
ïš¦,cube box outline
ïš§,
ïš¨,
ïš©,glass
ïšª,
ïš«,bitcoin
ïš¬,euro
ïš­,
ïš®,
ïš¯,
ïš°,ruble
ïš±,
ïš²,dollar
ïš³,pointer arrow solid
ïš´,pointer arrow outline
ïšµ,
ïš¶,
ïš·,
ïš¸,
ïš¹,
ïšº,
ïš»,
ïš¼,
ïš½,
ïš¾,
ïš¿,
ï›€,
ï›,
ï›‚,
ï›ƒ,
ï›„,
ï›…,
ï›†,
ï›‡,
ï›ˆ,
ï›‰,
ï›Š,
ï›‹,
ï›Œ,
ï›,
ï›,
ï›,
ï›,
ï›‘,
ï›’,
ï›“,
ï›”,
ï›•,
ï›–,
ï›—,
ï›˜,
ï›™,
ï›š,
ï››,
ï›œ,
ï›,
ï›,
ï›Ÿ,
ï› ,
,
ï›¡,
ï›¢,
ï›£,
ï›¤,
ï›¥,
ï›¦,
ï›§,
ï›¨,
ï›©,
ï›ª,
ï›«,
ï›¬,
ï›­,
ï›®,
ï›¯,
ï›°,
,
ï›±,
ï›²,
ï›³,
ï›´,
ï›µ,
ï›¶,
ï›·,
ï›¸,
ï›¹,
ï›º,
ï›»,
ï›¼,
ï›½,
ï›¾,
ï›¿,
ïœ€,
ïœ,
ïœ‚,e uppurcase serif
ïœƒ,elephant
ïœ„,exclam
ïœ…,enter
ïœ†,exit
ïœ‡,eye visible
ïœˆ,eye backslash invisible
ïœ‰,
ïœŠ,
ïœ‹,facebook logo
ïœŒ,
ïœ,
ïœ,
ïœ,
ïœ,
ïœ‘,
ïœ’,
ïœ“,
ïœ”,
ïœ•,
ïœ–,
ïœ—,
ïœ˜,
ïœ™,
ïœš,
ïœ›,
ïœœ,
ïœ,
ïœ,
ïœŸ,
ïœ ,
ïœ¡,
ïœ¢,
ïœ£,
ïœ¤,
ïœ¥,
ïœ¦,
ïœ§,
ïœ¨,
ïœ©,
ïœª,
ïœ«,
ïœ¬,
ïœ­,
ïœ®,
ïœ¯,
ïœ°,
ïœ±,
ïœ²,
ïœ³,
ïœ´,
ïœµ,
ïœ¶,
ïœ·,
ïœ¸,
ïœ¹,
ïœº,
ïœ»,
ïœ¼,
ïœ½,
ïœ¾,
ïœ¿,
ï€,
ï,
ï‚,
ïƒ,
ï„,
ï…,
ï†,
ï‡,
ïˆ,
ï‰,
ïŠ,
ï‹,
ïŒ,
ï,
ï,
ï,
ï,
ï‘,
ï’,
ï“,
ï”,
ï•,
ï–,
ï—,
ï˜,
ï™,
ïš,
ï›,
ïœ,
ï,
ï,
ïŸ,
ï ,
ï¡,
ï¢,
ï£,
ï¤,
ï¥,
ï¦,
ï§,
ï¨,
ï©,
ïª,
ï«,
ï¬,
ï­,
ï®,
ï¯,
ï°,
ï±,
ï²,
ï³,
ï´,
ïµ,
ï¶,
ï·,
ï¸,
ï¹,
ïº,
ï»,
ï¼,
ï½,
ï¾,
ï¿,
ï€,
ï,
ï‚,
ïƒ,
ï„,
ï…,
ï†,
ï‡,
ïˆ,
ï‰,
ïŠ,
ï‹,
ïŒ,
ï,
ï,
ï,
ï,
ï‘,
ï’,
ï“,
ï”,
ï•,
ï–,
ï—,
ï˜,
ï™,
ïš,
ï›,
ïœ,
ï,
ï,
ïŸ,
ï ,
ï¡,
ï¢,
ï£,
ï¤,
ï¥,
ï¦,
ï§,
ï¨,
ï©,
ïª,
ï«,
ï¬,
ï­,
ï®,
ï¯,
ï°,
ï±,
ï²,
ï³,
ï´,
ïµ,
ï¶,
ï·,
ï¸,
ï¹,
ïº,
ï»,
ï¼,
ï½,
ï¾,
ï¿,
ïŸ€,
ïŸ,
ïŸ‚,
ïŸƒ,
ïŸ„,
ïŸ…,
ïŸ†,
ïŸ‡,
ïŸˆ,
ïŸ‰,
ïŸŠ,
ïŸ‹,
ïŸŒ,
ïŸ,
ïŸ,
ïŸ,
ïŸ,
ïŸ‘,
ïŸ’,
ïŸ“,
ïŸ”,
ïŸ•,
ïŸ–,
ïŸ—,
ïŸ˜,
ïŸ™,
ïŸš,
ïŸ›,
ïŸœ,
ïŸ,
ïŸ,
ïŸŸ,
ïŸ ,
ïŸ¡,
ïŸ¢,
ïŸ£,
ïŸ¤,
ïŸ¥,
ïŸ¦,
ïŸ§,
ïŸ¨,
ïŸ©,
ïŸª,
ïŸ«,
ïŸ¬,
ïŸ­,
ïŸ®,
ïŸ¯,
ïŸ°,
ïŸ±,
ïŸ²,
ïŸ³,
ïŸ´,
ïŸµ,
ïŸ¶,
ïŸ·,
ïŸ¸,
ïŸ¹,
ïŸº,
ïŸ»,
ïŸ¼,
ïŸ½,
ïŸ¾,
ïŸ¿,
ï €,
ï ,
ï ‚,
ï ƒ,
ï „,
ï …,
ï †,
ï ‡,
ï ˆ,
ï ‰,
ï Š,
ï ‹,
ï Œ,
ï ,
ï ,
ï ,
ï ,
ï ‘,
ï ’,
ï “,
ï ”,
ï •,
ï –,
ï —,
ï ˜,
ï ™,
ï š,
ï ›,
ï œ,
ï ,
ï ,
ï Ÿ,
ï  ,
ï ¡,
ï ¢,
ï £,
ï ¤,
ï ¥,
ï ¦,
ï §,
ï ¨,
ï ©,
ï ª,
ï «,
ï ¬,
ï ­,
ï ®,
ï ¯,
ï °,
ï ±,
ï ²,
ï ³,
ï ´,
ï µ,
ï ¶,
ï ·,
ï ¸,
ï ¹,
ï º,
ï »,
ï ¼,
ï ½,
ï ¾,
ï ¿,
ï¡€,
ï¡,
ï¡‚,
ï¡ƒ,
ï¡„,
ï¡…,
ï¡†,
ï¡‡,
ï¡ˆ,
ï¡‰,
ï¡Š,
ï¡‹,
ï¡Œ,
ï¡,
ï¡,
ï¡,
ï¡,
ï¡‘,
ï¡’,
ï¡“,
ï¡”,
ï¡•,
ï¡–,
ï¡—,
ï¡˜,
ï¡™,
ï¡š,
ï¡›,
ï¡œ,
ï¡,
ï¡,
ï¡Ÿ,
ï¡¡,
ï¡¢,
ï¡£,
ï¡¤,
ï¡¥,
ï¡¦,
ï¡§,
ï¡¨,
ï¡©,
ï¡ª,
ï¡«,
ï¡¬,
ï¡­,
ï¡®,
ï¡¯,
ï¡°,
ï¡±,
ï¡²,
ï¡³,
ï¡´,
ï¡µ,
ï¡¶,
ï¡·,
ï¡¸,
ï¡¹,
ï¡º,
ï¡»,
ï¡¼,
ï¡½,
ï¡¾,
ï¡¿,
ï¢€,
ï¢,
ï¢‚,
ï¢ƒ,
ï¢„,
ï¢…,
ï¢†,
ï¢‡,
ï¢ˆ,
ï¢‰,
ï¢Š,
ï¢‹,
ï¢Œ,
ï¢,
ï¢,
ï¢,
ï¢,
ï¢‘,
ï¢’,
ï¢“,
ï¢”,
ï¢•,
ï¢–,
ï¢—,
ï¢˜,
ï¢™,
ï¢š,
ï¢›,
ï¢œ,
ï¢,
ï¢,
ï¢Ÿ,
ï¢ ,
ï¢¡,
ï¢¢,
ï¢£,
ï¢¤,
ï¢¥,
ï¢¦,
ï¢§,
ï¢¨,
ï¢©,
ï¢ª,
ï¢«,
ï¢¬,
ï¢­,
ï¢®,
ï¢¯,
ï¢°,
ï¢±,
ï¢²,
ï¢³,
ï¢´,
ï¢µ,
ï¢¶,
ï¢·,
ï¢¸,
ï¢¹,
ï¢º,
ï¢»,
ï¢¼,
ï¢½,
ï¢¾,
ï¢¿,
ï£€,
ï£,
ï£‚,
ï£ƒ,
ï£„,
ï£…,
ï£†,
ï£‡,
ï£ˆ,
ï£‰,
ï£Š,
ï£‹,
ï£Œ,
ï£,
ï£,
ï£,
ï£,
ï£‘,
ï£’,
ï£“,
ï£”,
ï£•,
ï£–,
ï£—,
ï£˜,
ï£™,
ï£š,
ï£›,
ï£œ,
ï£,
ï£,
ï£Ÿ,
ï£ ,
ï£¡,
ï£¢,
ï££,
ï£¤,
ï£¥,
ï£¦,
ï£§,
ï£¨,
ï£©,
ï£ª,
ï£«,
ï£¬,
ï£­,
ï£®,
ï£¯,
ï£°,
ï£±,
ï£²,
ï£³,
ï£´,
ï£µ,
ï£¶,
ï£·,
ï£¸,
ï£¹,
ï£º,
ï£»,
ï£¼,
ï£½,
ï£¾,
,
ğŸ‚ ,
ğŸ‚¡,
ğŸ‚¢,
ğŸ‚£,
ğŸ‚¤,
ğŸ‚¥,
ğŸ‚¦,
ğŸ‚§,
ğŸ‚¨,
ğŸ‚©,
ğŸ‚ª,
ğŸ‚«,
ğŸ‚¬,
ğŸ‚­,
ğŸ‚®,
ğŸ‚±,
ğŸ‚²,
ğŸ‚³,
ğŸ‚´,
ğŸ‚µ,
ğŸ‚¶,
ğŸ‚·,
ğŸ‚¸,
ğŸ‚¹,
ğŸ‚º,
ğŸ‚»,
ğŸ‚¼,
ğŸ‚½,
ğŸ‚¾,
ğŸƒ,
ğŸƒ‚,
ğŸƒƒ,
ğŸƒ„,
ğŸƒ…,
ğŸƒ†,
ğŸƒ‡,
ğŸƒˆ,
ğŸƒ‰,
ğŸƒŠ,
ğŸƒ‹,
ğŸƒŒ,
ğŸƒ,
ğŸƒ,
ğŸƒ,
ğŸƒ‘,
ğŸƒ’,
ğŸƒ“,
ğŸƒ”,
ğŸƒ•,
ğŸƒ–,
ğŸƒ—,
ğŸƒ˜,
ğŸƒ™,
ğŸƒš,
ğŸƒ›,
ğŸƒœ,
ğŸƒ,
ğŸƒ,
ğŸƒŸ,
ğŸŒ€,
ğŸŒ,
ğŸŒ‘,
ğŸŒ’,
ğŸŒ“,
ğŸŒ”,
ğŸŒ•,
ğŸŒ–,
ğŸŒ—,
ğŸŒ˜,
ğŸŒ™,
ğŸ”,
ğŸ”,
ğŸ’©,
ğŸ“¶,
ğŸ”€,
ğŸ”,
ğŸ”‚,
ğŸ”ƒ,
ğŸ”„,
ğŸ”‹,
ğŸ”Œ,
ğŸ”,
ğŸ”,
ğŸ”,
ğŸ”,
ğŸ”‘,
ğŸ”’,
ğŸ”“,
ğŸ””,
ğŸ”•,
ğŸ”˜,
ğŸ”¥,
ğŸ”§,
ğŸ”¬,
ğŸ”²,
ğŸ”³,
ğŸ¬€,
ğŸ¬,
ğŸ¬‚,
ğŸ¬ƒ,
ğŸ¬„,
ğŸ¬…,
ğŸ¬†,
ğŸ¬‡,
ğŸ¬ˆ,
ğŸ¬‰,
ğŸ¬Š,
ğŸ¬‹,
ğŸ¬Œ,
ğŸ¬,
ğŸ¬,
ğŸ¬,
ğŸ¬,
ğŸ¬‘,
ğŸ¬’,
ğŸ¬“,
ğŸ¬”,
ğŸ¬•,
ğŸ¬–,
ğŸ¬—,
ğŸ¬˜,
ğŸ¬™,
ğŸ¬š,
ğŸ¬›,
ğŸ¬œ,
ğŸ¬,
ğŸ¬,
ğŸ¬Ÿ,
ğŸ¬ ,
ğŸ¬¡,
ğŸ¬¢,
ğŸ¬£,
ğŸ¬¤,
ğŸ¬¥,
ğŸ¬¦,
ğŸ¬§,
ğŸ¬¨,
ğŸ¬©,
ğŸ¬ª,
ğŸ¬«,
ğŸ¬¬,
ğŸ¬­,
ğŸ¬®,
ğŸ¬¯,
ğŸ¬°,
ğŸ¬±,
ğŸ¬²,
ğŸ¬³,
ğŸ¬´,
ğŸ¬µ,
ğŸ¬¶,
ğŸ¬·,
ğŸ¬¸,
ğŸ¬¹,
ğŸ¬º,
ğŸ¬»,
ğŸ¬¼,
ğŸ¬½,
ğŸ¬¾,
ğŸ¬¿,
ğŸ­€,
ğŸ­,
ğŸ­‚,
ğŸ­ƒ,
ğŸ­„,
ğŸ­…,
ğŸ­†,
ğŸ­‡,
ğŸ­ˆ,
ğŸ­‰,
ğŸ­Š,
ğŸ­‹,
ğŸ­Œ,
ğŸ­,
ğŸ­,
ğŸ­,
ğŸ­,
ğŸ­‘,
ğŸ­’,
ğŸ­“,
ğŸ­”,
ğŸ­•,
ğŸ­–,
ğŸ­—,
ğŸ­˜,
ğŸ­™,
ğŸ­š,
ğŸ­›,
ğŸ­œ,
ğŸ­,
ğŸ­,
ğŸ­Ÿ,
ğŸ­ ,
ğŸ­¡,
ğŸ­¢,
ğŸ­£,
ğŸ­¤,
ğŸ­¥,
ğŸ­¦,
ğŸ­§,
ğŸ­¨,
ğŸ­©,
ğŸ­ª,
ğŸ­«,
ğŸ­¬,
ğŸ­­,
ğŸ­®,
ğŸ­¯,
ğŸ­°,
ğŸ­±,
ğŸ­²,
ğŸ­³,
ğŸ­´,
ğŸ­µ,
ğŸ­¶,
ğŸ­·,
ğŸ­¸,
ğŸ­¹,
ğŸ­º,
ğŸ­»,
ğŸ­¼,
ğŸ­½,
ğŸ­¾,
ğŸ­¿,
ğŸ®€,
ğŸ®,
ğŸ®‚,
ğŸ®ƒ,
ğŸ®„,
ğŸ®…,
ğŸ®†,
ğŸ®‡,
ğŸ®ˆ,
ğŸ®‰,
ğŸ®Š,
ğŸ®‹,
ğŸ®Œ,
ğŸ®,
ğŸ®,
ğŸ®,
ğŸ®,
ğŸ®‘,
ğŸ®’,
ğŸ®“,
ğŸ®”,
ğŸ®•,
ğŸ®–,
ğŸ®—,
ğŸ®˜,
ğŸ®™,
ğŸ®š,
ğŸ®›,
ğŸ®œ,
ğŸ®,
ğŸ®,
ğŸ®Ÿ,
ğŸ® ,
ğŸ®¡,
ğŸ®¢,
ğŸ®£,
ğŸ®¤,
ğŸ®¥,
ğŸ®¦,
ğŸ®§,
ğŸ®¨,
ğŸ®©,
ğŸ®ª,
ğŸ®«,
ğŸ®¬,
ğŸ®­,
ğŸ®®,
ğŸ®¯,
ğŸ®°,
ğŸ®±,
ğŸ®²,
ğŸ®³,
ğŸ®´,
ğŸ®µ,
ğŸ®¶,
ğŸ®·,
ğŸ¯€,
ğŸ¯,
ğŸ¯‚,
ğŸ¯ƒ,
ğŸ¯„,
ğŸ¯…,
ğŸ¯†,
ğŸ¯‡,
ğŸ¯ˆ,
ğŸ¯‰,
ğŸ¯Š,
ğŸ¯‹,
ğŸ¯Œ,
ğŸ¯,
ğŸ¯,
ğŸ¯,
ğŸ¯,
ğŸ¯‘,
ğŸ¯’,
ğŸ¯“,
ğŸ¯”,
ğŸ¯•,
ğŸ¯©,
ğŸ¯ª,
ğŸ¯°,
ğŸ¯±,
ğŸ¯²,
ğŸ¯³,
ğŸ¯´,
ğŸ¯µ,
ğŸ¯¶,
ğŸ¯·,
ğŸ¯¸,
ğŸ¯¹,
,
,
,
,
,
,
,
,
,
,
,
,
,PragmataPro https://www.fsd.it/shop/fonts/pragmatapro/
,Â© 2021-04-06 Fabrizio Schiavi
